Date,Open,High,Low,Close,Change,P_Open,P_High,P_Low,P_Close,P_High+Low,P_Change,P_4_Price,P_Close-High,P_High-Low,Action
09.02.2022,17.799,18.265,17.779,18.048,0.249,17.98,17.984,17.589,17.799,35.573,-0.659,71.35,-0.185,0.395,1
09.01.2022,17.977,17.984,17.589,17.799,-0.659,18.00,18.468,17.844,18.458,36.312,0.318,72.77,-0.01,0.624,1
09.07.2022,17.996,18.468,17.844,18.458,0.318,18.05,18.241,17.945,18.14,36.186,0.141,72.37,-0.101,0.296,0
09.05.2022,18.048,18.241,17.945,18.14,0.141,18.14,18.504,17.949,17.999,36.453,-0.655,72.59,-0.505,0.555,1
09.06.2022,18.14,18.504,17.949,17.999,-0.655,18.26,18.896,18.263,18.654,37.159,0.264,74.08,-0.242,0.633,1
10.17.2022,18.264,18.896,18.263,18.654,0.264,18.35,18.76,18.323,18.39,37.083,-0.506,73.82,-0.37,0.437,0
09.27.2022,18.349,18.76,18.323,18.39,-0.506,18.39,18.966,17.986,18.896,36.952,0.205,74.24,-0.07,0.98,1
09.28.2022,18.389,18.966,17.986,18.896,0.205,18.41,18.721,18.208,18.691,36.929,0.711,74.03,-0.03,0.513,0
07.15.2022,18.413,18.721,18.208,18.691,0.711,18.43,18.528,17.947,17.98,36.475,-0.638,72.88,-0.548,0.581,1
08.31.2022,18.427,18.528,17.947,17.98,-0.638,18.43,18.696,18.385,18.618,37.081,-0.044,74.13,-0.078,0.311,1
07.26.2022,18.427,18.696,18.385,18.618,-0.044,18.45,18.96,18.232,18.662,37.192,0.128,74.30,-0.298,0.728,0
10.20.2022,18.449,18.96,18.232,18.662,0.128,18.46,18.714,18.348,18.534,37.062,-0.305,74.06,-0.18,0.366,0
09.08.2022,18.459,18.714,18.348,18.534,-0.305,18.53,18.931,18.517,18.839,37.448,0.409,74.82,-0.092,0.414,1
09.09.2022,18.532,18.931,18.517,18.839,0.409,18.59,18.773,18.324,18.43,37.097,-0.663,74.12,-0.343,0.449,0
07.25.2022,18.588,18.773,18.324,18.43,-0.663,18.62,19.118,18.464,19.093,37.582,0.365,75.29,-0.025,0.654,1
07.27.2022,18.619,19.118,18.464,19.093,0.365,18.65,18.905,18.55,18.728,37.455,-0.652,74.83,-0.177,0.355,0
10.18.2022,18.648,18.905,18.55,18.728,-0.652,18.66,19.38,18.292,19.38,37.672,0.519,75.71,0,1.088,1
10.21.2022,18.659,19.38,18.292,19.38,0.519,18.66,18.872,18.252,18.861,37.124,0.116,74.65,-0.011,0.62,0
07.21.2022,18.664,18.872,18.252,18.861,0.116,18.68,18.898,18.586,18.745,37.484,0.057,74.91,-0.153,0.312,1
07.19.2022,18.683,18.898,18.586,18.745,0.057,18.69,18.971,18.643,18.688,37.614,0.237,74.99,-0.283,0.328,1
07.18.2022,18.69,18.971,18.643,18.688,0.237,18.72,18.795,18.384,18.451,37.179,-0.217,74.35,-0.344,0.411,1
10.19.2022,18.722,18.795,18.384,18.451,-0.217,18.75,19.073,18.654,18.668,37.727,0.237,75.14,-0.405,0.419,1
07.20.2022,18.745,19.073,18.654,18.668,0.237,18.77,18.832,18.374,18.431,37.206,-0.597,74.41,-0.401,0.458,0
08.30.2022,18.772,18.832,18.374,18.431,-0.597,18.82,19.27,18.787,19.028,38.057,-0.763,75.90,-0.242,0.483,1
09.30.2022,18.816,19.27,18.787,19.028,-0.763,18.84,19.97,18.841,19.791,38.811,1.2,77.44,-0.179,1.129,0
09.12.2022,18.841,19.97,18.841,19.791,1.2,18.86,18.905,18.513,18.591,37.418,0.237,74.87,-0.314,0.392,0
07.22.2022,18.859,18.905,18.513,18.591,0.237,18.87,19.008,18.328,18.354,37.336,0.088,74.56,-0.654,0.68,1
09.26.2022,18.869,19.008,18.328,18.354,0.088,18.88,19.055,18.099,18.266,37.154,-0.552,74.30,-0.789,0.956,1
10.14.2022,18.88,19.055,18.099,18.266,-0.552,18.89,18.893,18.522,18.818,37.415,0.044,75.13,-0.075,0.371,1
09.29.2022,18.893,18.893,18.522,18.818,0.044,18.91,18.905,18.518,18.774,37.423,-0.428,75.10,-0.131,0.387,0
08.29.2022,18.905,18.905,18.518,18.774,-0.428,18.93,19.381,18.885,19.202,38.266,0.096,76.39,-0.179,0.496,1
07.13.2022,18.926,19.381,18.885,19.202,0.096,18.98,19.263,18.834,19.106,38.097,0.225,76.19,-0.157,0.429,0
08.23.2022,18.982,19.263,18.834,19.106,0.225,19.02,19.278,18.523,18.881,37.801,-1.821,75.70,-0.397,0.755,1
10.13.2022,19.02,19.278,18.523,18.881,-1.821,19.03,20.706,19.024,20.702,39.73,1.717,79.46,-0.004,1.682,1
10.03.2022,19.026,20.706,19.024,20.702,1.717,19.05,19.147,18.733,18.985,37.88,-1.02,75.91,-0.162,0.414,0
08.22.2022,19.045,19.147,18.733,18.985,-1.02,19.09,20.015,19.06,20.005,39.075,0.892,78.17,-0.01,0.955,1
07.28.2022,19.086,20.015,19.06,20.005,0.892,19.10,19.191,18.968,19.113,38.159,0.187,76.38,-0.078,0.223,0
08.24.2022,19.104,19.191,18.968,19.113,0.187,19.11,19.189,18.795,18.926,37.984,-0.317,76.02,-0.263,0.394,1
07.12.2022,19.106,19.189,18.795,18.926,-0.317,19.11,19.397,19.099,19.243,38.496,0.221,76.85,-0.154,0.298,1
08.25.2022,19.109,19.397,19.099,19.243,0.221,19.14,19.292,18.866,19.022,38.158,-0.555,76.32,-0.27,0.426,0
10.12.2022,19.137,19.292,18.866,19.022,-0.555,19.16,19.59,18.808,19.577,38.398,-0.042,77.13,-0.013,0.782,1
09.16.2022,19.157,19.59,18.808,19.577,-0.042,19.16,19.997,19.123,19.619,39.12,0.396,77.90,-0.378,0.874,0
11.01.2022,19.16,19.997,19.123,19.619,0.396,19.20,19.469,19.103,19.223,38.572,0.804,76.99,-0.246,0.366,0
07.07.2022,19.195,19.469,19.103,19.223,0.804,19.20,19.22,18.153,18.419,37.373,-0.775,74.99,-0.801,1.067,1
07.14.2022,19.198,19.22,18.153,18.419,-0.775,19.21,19.354,18.963,19.194,38.317,-0.272,76.72,-0.16,0.391,1
07.06.2022,19.207,19.354,18.963,19.194,-0.272,19.21,19.536,18.865,19.466,38.401,0.164,77.08,-0.07,0.671,0
11.03.2022,19.211,19.536,18.865,19.466,0.164,19.22,19.405,19.035,19.302,38.44,-0.036,76.96,-0.103,0.37,0
07.08.2022,19.216,19.405,19.035,19.302,-0.036,19.22,19.424,18.799,19.338,38.223,0.445,76.78,-0.086,0.625,1
10.25.2022,19.217,19.424,18.799,19.338,0.445,19.24,19.365,18.837,18.893,38.202,-0.267,76.34,-0.472,0.528,0
08.26.2022,19.241,19.365,18.837,18.893,-0.267,19.25,19.248,18.934,19.16,38.182,-0.398,76.59,-0.088,0.314,1
10.31.2022,19.248,19.248,18.934,19.16,-0.398,19.27,19.87,19.241,19.558,39.111,0.45,77.94,-0.312,0.629,0
09.21.2022,19.268,19.87,19.241,19.558,0.45,19.30,19.359,19.068,19.108,38.427,-0.515,76.84,-0.251,0.291,0
07.11.2022,19.3,19.359,19.068,19.108,-0.515,19.33,19.684,19.245,19.623,38.929,0.046,77.88,-0.061,0.439,1
09.14.2022,19.328,19.684,19.245,19.623,0.046,19.34,19.766,19.223,19.577,38.989,0.358,77.90,-0.189,0.543,0
10.26.2022,19.335,19.766,19.223,19.577,0.358,19.38,19.62,19.055,19.219,38.675,-1.622,77.28,-0.401,0.565,1
10.24.2022,19.383,19.62,19.055,19.219,-1.622,19.46,20.892,19.415,20.841,40.307,1.793,80.61,-0.051,1.477,1
11.04.2022,19.461,20.892,19.415,20.841,1.793,19.54,19.549,19.041,19.048,38.59,-0.22,77.18,-0.501,0.508,0
08.19.2022,19.539,19.549,19.041,19.048,-0.22,19.55,19.6,19.081,19.268,38.681,-0.364,77.50,-0.332,0.519,1
09.20.2022,19.549,19.6,19.081,19.268,-0.364,19.56,19.835,19.259,19.632,39.094,0.082,78.28,-0.203,0.576,0
09.22.2022,19.556,19.835,19.259,19.632,0.082,19.58,19.643,19.245,19.55,38.888,-0.043,78.02,-0.093,0.398,0
09.19.2022,19.577,19.643,19.245,19.55,-0.043,19.58,19.657,19.297,19.593,38.954,0.343,78.13,-0.064,0.36,1
10.27.2022,19.578,19.657,19.297,19.593,0.343,19.60,19.631,19.037,19.25,38.668,0.102,77.51,-0.381,0.594,0
10.28.2022,19.595,19.631,19.037,19.25,0.102,19.60,19.706,19.091,19.148,38.797,-0.065,77.54,-0.558,0.615,1
10.11.2022,19.597,19.706,19.091,19.148,-0.065,19.62,19.949,19.209,19.213,39.158,0.055,77.99,-0.736,0.74,1
11.02.2022,19.617,19.949,19.209,19.213,0.055,19.62,19.68,19.133,19.158,38.813,0.287,77.59,-0.522,0.547,0
09.15.2022,19.623,19.68,19.133,19.158,0.287,19.63,19.69,18.784,18.871,38.474,-0.667,76.98,-0.819,0.906,1
09.23.2022,19.63,19.69,18.784,18.871,-0.667,19.79,19.922,19.499,19.538,39.421,0.203,78.75,-0.384,0.423,1
08.18.2022,19.789,19.922,19.499,19.538,0.203,19.79,19.926,19.334,19.335,39.26,-0.615,78.39,-0.591,0.592,0
09.13.2022,19.79,19.926,19.334,19.335,-0.615,19.86,19.978,19.773,19.95,39.751,-0.718,79.56,-0.028,0.205,1
07.04.2022,19.859,19.978,19.773,19.95,-0.718,19.89,20.698,19.8,20.668,40.498,1.455,81.06,-0.03,0.898,0
08.08.2022,19.889,20.698,19.8,20.668,1.455,19.95,20.186,19.118,19.213,39.304,-0.845,78.47,-0.973,1.068,0
07.05.2022,19.95,20.186,19.118,19.213,-0.845,19.98,20.157,19.796,20.058,39.953,-0.287,79.99,-0.099,0.361,1
08.03.2022,19.977,20.157,19.796,20.058,-0.287,20.01,20.353,19.912,20.345,40.265,0.276,80.62,-0.008,0.441,0
07.29.2022,20.006,20.353,19.912,20.345,0.276,20.02,20.262,19.984,20.069,40.246,-0.105,80.33,-0.193,0.278,0
03.09.2023,20.019,20.262,19.984,20.069,-0.105,20.05,20.365,19.966,20.174,40.331,-0.357,80.56,-0.191,0.399,1
08.04.2022,20.053,20.365,19.966,20.174,-0.357,20.07,20.756,19.909,20.531,40.665,0.511,81.26,-0.225,0.847,0
03.10.2023,20.068,20.756,19.909,20.531,0.511,20.07,20.203,19.919,20.02,40.122,0.42,80.21,-0.183,0.284,0
03.08.2023,20.069,20.203,19.919,20.02,0.42,20.13,20.159,19.533,19.6,39.692,-0.192,79.42,-0.559,0.626,1
10.10.2022,20.126,20.159,19.533,19.6,-0.192,20.14,20.268,19.714,19.792,39.982,-0.098,79.91,-0.476,0.554,1
08.17.2022,20.138,20.268,19.714,19.792,-0.098,20.17,20.308,19.593,19.89,39.901,-0.25,79.96,-0.418,0.715,0
08.05.2022,20.168,20.308,19.593,19.89,-0.25,20.25,20.281,19.949,20.14,40.23,0.284,80.62,-0.141,0.332,0
08.16.2022,20.253,20.281,19.949,20.14,0.284,20.27,20.27,19.415,19.856,39.685,-0.955,79.81,-0.414,0.855,0
07.01.2022,20.269,20.27,19.415,19.856,-0.955,20.30,20.826,20.242,20.811,41.068,0.459,82.18,-0.015,0.584,1
08.12.2022,20.301,20.826,20.242,20.811,0.459,20.35,20.485,20.093,20.352,40.578,0.37,81.28,-0.133,0.392,0
08.01.2022,20.346,20.485,20.093,20.352,0.37,20.35,20.473,19.957,19.982,40.43,-0.607,80.76,-0.491,0.516,1
08.02.2022,20.347,20.473,19.957,19.982,-0.607,20.53,20.819,20.353,20.589,41.172,-1.209,82.29,-0.23,0.466,1
08.10.2022,20.525,20.819,20.353,20.589,-1.209,20.53,21.878,20.532,21.798,42.41,1.494,84.74,-0.08,1.346,0
03.13.2023,20.532,21.878,20.532,21.798,1.494,20.59,20.63,20.265,20.304,40.895,-0.605,81.79,-0.326,0.365,0
08.11.2022,20.589,20.63,20.265,20.304,-0.605,20.63,20.999,20.465,20.909,41.464,0.259,83.00,-0.09,0.534,1
02.28.2023,20.628,20.999,20.465,20.909,0.259,20.64,20.854,20.382,20.65,41.236,0.523,82.53,-0.204,0.472,0
10.06.2022,20.642,20.854,20.382,20.65,0.523,20.65,20.802,20.006,20.127,40.808,-0.399,81.58,-0.675,0.796,1
10.07.2022,20.646,20.802,20.006,20.127,-0.399,20.67,20.725,20.44,20.526,41.165,-0.573,82.36,-0.199,0.285,1
08.09.2022,20.666,20.725,20.44,20.526,-0.573,20.68,21.101,20.523,21.099,41.624,0.035,83.40,-0.002,0.578,0
05.13.2022,20.678,21.101,20.523,21.099,0.035,20.70,21.219,20.627,21.064,41.846,0.794,83.61,-0.155,0.592,0
10.04.2022,20.701,21.219,20.627,21.064,0.794,20.74,20.811,20.243,20.27,41.054,-0.357,82.06,-0.541,0.568,1
06.30.2022,20.738,20.811,20.243,20.27,-0.357,20.76,20.83,20.574,20.627,41.404,-0.722,82.79,-0.203,0.256,1
02.27.2023,20.762,20.83,20.574,20.627,-0.722,20.80,21.609,20.498,21.349,42.107,1.093,84.25,-0.26,1.111,0
11.08.2022,20.795,21.609,20.498,21.349,1.093,20.81,20.847,20.127,20.256,40.974,-0.815,82.04,-0.591,0.72,0
08.15.2022,20.809,20.847,20.127,20.256,-0.815,20.84,21.305,20.831,21.071,42.136,0.329,84.05,-0.234,0.474,1
11.22.2022,20.838,21.305,20.831,21.071,0.329,20.84,21.021,20.641,20.742,41.662,-0.054,83.24,-0.279,0.38,0
06.29.2022,20.839,21.021,20.641,20.742,-0.054,20.86,20.98,20.397,20.796,41.377,-0.464,83.03,-0.184,0.583,1
11.07.2022,20.86,20.98,20.397,20.796,-0.464,20.90,21.262,20.875,21.26,42.137,0.266,84.30,-0.002,0.387,0
03.03.2023,20.901,21.262,20.875,21.26,0.266,20.91,21.169,20.849,20.994,42.018,-0.26,83.92,-0.175,0.32,0
03.01.2023,20.908,21.169,20.849,20.994,-0.26,20.92,21.431,20.912,21.254,42.343,0.413,84.52,-0.177,0.519,1
11.29.2022,20.923,21.431,20.912,21.254,0.413,20.94,20.998,20.589,20.841,41.587,-0.292,83.37,-0.157,0.409,0
11.21.2022,20.944,20.998,20.589,20.841,-0.292,20.95,21.211,20.707,21.133,41.918,0.201,84.00,-0.078,0.504,1
06.24.2022,20.946,21.211,20.707,21.133,0.201,20.95,21.264,20.848,20.932,42.112,0.032,83.99,-0.332,0.416,0
11.18.2022,20.947,21.264,20.848,20.932,0.032,20.99,21.01,20.702,20.9,41.712,-0.776,83.61,-0.11,0.308,1
03.02.2023,20.994,21.01,20.702,20.9,-0.776,21.03,21.813,21.006,21.676,42.819,1.606,85.53,-0.137,0.807,1
06.15.2022,21.032,21.813,21.006,21.676,1.606,21.05,21.133,20.04,20.07,41.173,-1.604,82.29,-1.063,1.093,0
03.07.2023,21.048,21.133,20.04,20.07,-1.604,21.05,21.776,20.96,21.674,42.736,1.028,85.46,-0.102,0.816,1
11.10.2022,21.049,21.776,20.96,21.674,1.028,21.05,21.1,19.99,20.646,41.09,-0.383,82.79,-0.454,1.11,0
10.05.2022,21.053,21.1,19.99,20.646,-0.383,21.07,21.358,20.905,21.029,42.263,-0.495,84.36,-0.329,0.453,1
06.14.2022,21.069,21.358,20.905,21.029,-0.495,21.07,21.556,20.918,21.524,42.474,-0.089,85.07,-0.032,0.638,0
11.23.2022,21.07,21.556,20.918,21.524,-0.089,21.10,21.668,20.889,21.613,42.557,0.466,85.27,-0.055,0.779,0
05.16.2022,21.1,21.668,20.889,21.613,0.466,21.13,21.527,21.095,21.147,42.622,0.308,84.90,-0.38,0.432,0
06.27.2022,21.132,21.527,21.095,21.147,0.308,21.15,21.351,20.796,20.839,42.147,-1.353,84.13,-0.512,0.555,1
06.28.2022,21.147,21.351,20.796,20.839,-1.353,21.25,22.194,21.199,22.192,43.393,0.629,86.84,-0.002,0.995,1
11.30.2022,21.254,22.194,21.199,22.192,0.629,21.26,21.905,21.245,21.563,43.15,0.516,85.97,-0.342,0.66,0
05.11.2022,21.259,21.905,21.245,21.563,0.516,21.27,21.298,20.984,21.047,42.282,0.283,84.60,-0.251,0.314,1
03.06.2023,21.27,21.298,20.984,21.047,0.283,21.32,21.391,20.746,20.764,42.137,-0.287,84.22,-0.627,0.645,1
02.24.2023,21.317,21.391,20.746,20.764,-0.287,21.35,21.548,21.007,21.051,42.555,-0.864,84.95,-0.497,0.541,1
11.09.2022,21.345,21.548,21.007,21.051,-0.864,21.40,21.958,21.308,21.915,43.266,0.967,86.58,-0.043,0.65,0
05.19.2022,21.403,21.958,21.308,21.915,0.967,21.41,21.479,20.935,20.948,42.414,0.024,84.78,-0.531,0.544,0
06.23.2022,21.413,21.479,20.935,20.948,0.024,21.46,21.586,20.877,20.924,42.463,-0.024,84.84,-0.662,0.709,1
11.28.2022,21.456,21.586,20.877,20.924,-0.024,21.46,21.48,20.78,20.948,42.26,-0.632,84.67,-0.532,0.7,1
11.17.2022,21.459,21.48,20.78,20.948,-0.632,21.49,21.58,21.177,21.58,42.757,-0.581,85.83,0,0.403,0
11.25.2022,21.489,21.58,21.177,21.58,-0.581,21.52,22.211,21.474,22.161,43.685,0.843,87.36,-0.05,0.737,0
09.30.2021,21.517,22.211,21.474,22.161,0.843,21.52,21.676,21.273,21.318,42.949,-0.182,85.79,-0.358,0.403,0
02.23.2023,21.521,21.676,21.273,21.318,-0.182,21.53,21.659,21.46,21.5,43.119,-0.327,86.14,-0.159,0.199,1
11.24.2022,21.525,21.659,21.46,21.5,-0.327,21.54,21.958,21.435,21.827,43.393,0.366,86.76,-0.131,0.523,0
06.01.2022,21.536,21.958,21.435,21.827,0.366,21.56,22.018,21.399,21.461,43.417,0.78,86.44,-0.557,0.619,0
11.16.2022,21.56,22.018,21.399,21.461,0.78,21.56,21.641,20.626,20.681,42.267,-1.046,84.51,-0.96,1.015,1
05.12.2022,21.56,21.641,20.626,20.681,-1.046,21.58,21.8,21.188,21.727,42.988,0.041,86.30,-0.073,0.612,1
02.17.2023,21.58,21.8,21.188,21.727,0.041,21.58,21.923,21.512,21.686,43.435,0.066,86.70,-0.237,0.411,0
06.21.2022,21.58,21.923,21.512,21.686,0.066,21.61,21.887,21.524,21.62,43.411,0.213,86.64,-0.267,0.363,1
05.17.2022,21.613,21.887,21.524,21.62,0.213,21.62,21.741,21.376,21.407,43.117,-0.174,86.14,-0.334,0.365,1
05.18.2022,21.615,21.741,21.376,21.407,-0.174,21.63,21.805,21.46,21.581,43.265,0.001,86.48,-0.224,0.345,1
02.16.2023,21.632,21.805,21.46,21.581,0.001,21.66,21.754,21.498,21.58,43.252,-0.37,86.50,-0.174,0.256,0
06.20.2022,21.664,21.754,21.498,21.58,-0.37,21.67,21.956,21.374,21.95,43.33,0.25,86.95,-0.006,0.582,1
06.16.2022,21.671,21.956,21.374,21.95,0.25,21.67,22.021,21.378,21.7,43.399,-0.173,86.77,-0.321,0.643,0
11.11.2022,21.672,22.021,21.378,21.7,-0.173,21.68,21.979,21.335,21.873,43.314,0.458,86.87,-0.106,0.644,1
06.10.2022,21.68,21.979,21.335,21.873,0.458,21.68,21.72,21.251,21.415,42.971,-0.355,86.07,-0.305,0.469,0
06.22.2022,21.682,21.72,21.251,21.415,-0.355,21.69,22.343,21.57,21.77,43.913,-0.811,87.37,-0.573,0.773,1
03.15.2023,21.685,22.343,21.57,21.77,-0.811,21.69,22.581,21.684,22.581,44.265,0.604,88.54,0,0.897,0
03.17.2023,21.694,22.581,21.684,22.581,0.604,21.71,22.081,21.305,21.977,43.386,0.155,87.08,-0.104,0.776,0
11.14.2022,21.713,22.081,21.305,21.977,0.155,21.74,21.901,21.559,21.822,43.46,0.036,87.02,-0.079,0.342,1
02.20.2023,21.735,21.901,21.559,21.822,0.036,21.75,22.163,21.723,21.786,43.886,0.091,87.42,-0.377,0.44,1
05.23.2022,21.749,22.163,21.723,21.786,0.091,21.77,22.037,21.509,21.695,43.546,0.437,87.01,-0.342,0.528,1
03.16.2023,21.769,22.037,21.509,21.695,0.437,21.78,22.086,21.214,21.258,43.3,-0.844,86.34,-0.828,0.872,1
05.10.2022,21.779,22.086,21.214,21.258,-0.844,21.79,22.162,21.671,22.102,43.833,0.417,87.72,-0.06,0.491,1
05.24.2022,21.786,22.162,21.671,22.102,0.417,21.80,21.964,21.536,21.685,43.5,-0.155,86.98,-0.279,0.428,0
03.14.2023,21.798,21.964,21.536,21.685,-0.155,21.82,21.96,21.661,21.84,43.621,-0.469,87.28,-0.12,0.299,1
02.21.2023,21.822,21.96,21.661,21.84,-0.469,21.83,22.324,21.764,22.309,44.088,0.787,88.22,-0.015,0.56,0
06.02.2022,21.825,22.324,21.764,22.309,0.787,21.84,21.959,21.461,21.522,43.42,-0.108,86.78,-0.437,0.498,0
02.22.2023,21.841,21.959,21.461,21.522,-0.108,21.86,21.873,21.468,21.63,43.341,0.559,86.83,-0.243,0.405,1
02.15.2023,21.858,21.873,21.468,21.63,0.559,21.87,21.989,21.003,21.071,42.992,-0.676,85.94,-0.918,0.986,0
06.13.2022,21.872,21.989,21.003,21.071,-0.676,21.91,22.07,21.62,21.747,43.69,-0.325,87.35,-0.323,0.45,1
05.20.2022,21.91,22.07,21.62,21.747,-0.325,21.92,22.485,21.896,22.072,44.381,0.527,88.37,-0.413,0.589,0
06.06.2022,21.917,22.485,21.896,22.072,0.527,21.93,21.992,21.506,21.545,43.498,-0.53,86.97,-0.447,0.486,0
05.31.2022,21.93,21.992,21.506,21.545,-0.53,21.93,22.08,21.446,22.075,43.526,-0.094,87.53,-0.005,0.634,1
12.15.2021,21.932,22.08,21.446,22.075,-0.094,21.94,22.175,21.823,22.169,43.998,0.504,88.10,-0.006,0.352,0
12.10.2021,21.937,22.175,21.823,22.169,0.504,21.95,21.96,21.579,21.665,43.539,-0.35,87.15,-0.295,0.381,0
06.17.2022,21.945,21.96,21.579,21.665,-0.35,21.97,22.246,21.852,22.015,44.098,0.003,88.08,-0.231,0.394,1
02.10.2023,21.971,22.246,21.852,22.015,0.003,21.98,22.052,21.73,22.012,43.782,0.451,87.77,-0.04,0.322,0
05.26.2022,21.976,22.052,21.73,22.012,0.451,21.98,22.25,21.387,21.561,43.637,-0.296,87.18,-0.689,0.863,1
11.15.2022,21.983,22.25,21.387,21.561,-0.296,22.00,22.021,21.65,21.857,43.671,-0.239,87.53,-0.164,0.371,1
02.14.2023,21.997,22.021,21.65,21.857,-0.239,22.01,22.406,21.947,22.096,44.353,0.099,88.45,-0.31,0.459,0
05.27.2022,22.005,22.406,21.947,22.096,0.099,22.02,22.064,21.809,21.997,43.873,0.316,87.89,-0.067,0.255,0
02.13.2023,22.017,22.064,21.809,21.997,0.316,22.04,22.134,21.562,21.681,43.696,-0.541,87.42,-0.453,0.572,1
06.09.2022,22.041,22.134,21.562,21.681,-0.541,22.07,22.273,21.892,22.222,44.165,-0.239,88.46,-0.051,0.381,1
06.07.2022,22.071,22.273,21.892,22.222,-0.239,22.08,22.503,21.935,22.461,44.438,0.481,88.97,-0.042,0.568,0
12.16.2021,22.075,22.503,21.935,22.461,0.481,22.10,22.133,21.742,21.98,43.875,0.05,87.95,-0.153,0.391,0
05.25.2022,22.097,22.133,21.742,21.98,0.05,22.10,22.275,21.93,21.93,44.205,-0.586,88.23,-0.345,0.345,1
05.30.2022,22.098,22.275,21.93,21.93,-0.586,22.16,22.559,21.98,22.516,44.539,0.18,89.22,-0.043,0.579,1
10.01.2021,22.16,22.559,21.98,22.516,0.18,22.17,22.393,22.002,22.336,44.395,0.018,88.90,-0.057,0.391,0
01.07.2022,22.167,22.393,22.002,22.336,0.018,22.17,22.525,22.142,22.318,44.667,-0.402,89.15,-0.207,0.383,1
02.08.2023,22.169,22.525,22.142,22.318,-0.402,22.18,22.804,22.097,22.72,44.901,-0.025,89.81,-0.084,0.707,1
12.07.2022,22.184,22.804,22.097,22.72,-0.025,22.19,22.772,22.067,22.745,44.839,0.436,89.78,-0.027,0.705,0
12.01.2022,22.191,22.772,22.067,22.745,0.436,22.19,22.38,22.136,22.309,44.516,0.266,89.02,-0.071,0.244,0
12.13.2021,22.192,22.38,22.136,22.309,0.266,22.22,22.24,21.858,22.043,44.098,-0.142,88.36,-0.197,0.382,1
06.08.2022,22.218,22.24,21.858,22.043,-0.142,22.24,22.581,22.043,22.185,44.624,-0.314,89.05,-0.396,0.538,1
12.06.2022,22.24,22.581,22.043,22.185,-0.314,22.25,22.743,22.179,22.499,44.922,0.069,89.67,-0.244,0.564,0
12.21.2021,22.251,22.743,22.179,22.499,0.069,22.26,22.644,22.118,22.43,44.762,-0.043,89.45,-0.214,0.526,0
06.23.2023,22.256,22.644,22.118,22.43,-0.043,22.26,22.681,22.225,22.473,44.906,0.302,89.64,-0.208,0.456,1
09.21.2021,22.257,22.681,22.225,22.473,0.302,22.28,22.442,22.103,22.171,44.545,0.255,88.99,-0.271,0.339,0
02.07.2023,22.276,22.442,22.103,22.171,0.255,22.30,22.475,21.862,21.916,44.337,-0.016,88.56,-0.559,0.613,1
06.03.2022,22.304,22.475,21.862,21.916,-0.016,22.31,22.318,21.702,21.932,44.02,-0.435,88.26,-0.386,0.616,1
12.14.2021,22.311,22.318,21.702,21.932,-0.435,22.32,22.483,22.284,22.367,44.767,0.394,89.45,-0.116,0.199,0
12.02.2021,22.315,22.483,22.284,22.367,0.394,22.32,22.542,21.927,21.973,44.469,-0.339,88.76,-0.569,0.615,0
02.09.2023,22.317,22.542,21.927,21.973,-0.339,22.32,22.32,22.312,22.312,44.632,0.531,89.26,-0.008,0.008,1
08.21.2023,22.32,22.32,22.312,22.312,0.531,22.34,22.356,21.709,21.781,44.065,-0.494,88.19,-0.575,0.647,0
05.09.2022,22.343,22.356,21.709,21.781,-0.494,22.35,22.593,22.172,22.275,44.765,0.026,89.39,-0.318,0.421,1
02.06.2023,22.352,22.593,22.172,22.275,0.026,22.36,22.419,22.185,22.249,44.604,-0.279,89.22,-0.17,0.234,0
12.20.2021,22.364,22.419,22.185,22.249,-0.279,22.37,22.536,22.094,22.528,44.63,0.08,89.52,-0.008,0.442,1
12.03.2021,22.366,22.536,22.094,22.528,0.08,22.37,22.494,22.185,22.448,44.679,-0.039,89.50,-0.046,0.309,0
01.10.2022,22.368,22.494,22.185,22.448,-0.039,22.37,22.576,22.238,22.487,44.814,0.23,89.68,-0.089,0.338,1
12.07.2021,22.374,22.576,22.238,22.487,0.23,22.38,22.492,22.075,22.257,44.567,-0.706,89.21,-0.235,0.417,0
09.20.2021,22.383,22.492,22.075,22.257,-0.706,22.40,23.007,22.281,22.963,45.288,0.35,90.65,-0.044,0.726,1
03.22.2023,22.398,23.007,22.281,22.963,0.35,22.40,22.792,22.387,22.613,45.179,0.675,90.19,-0.179,0.405,0
09.27.2021,22.401,22.792,22.387,22.613,0.675,22.41,22.453,21.873,21.938,44.326,-0.562,88.67,-0.515,0.58,1
12.09.2021,22.409,22.453,21.873,21.938,-0.562,22.41,22.609,22.157,22.5,44.766,-0.178,89.68,-0.109,0.452,1
02.04.2022,22.41,22.609,22.157,22.5,-0.178,22.42,22.983,22.376,22.678,45.359,-0.114,90.46,-0.305,0.607,0
08.17.2023,22.424,22.983,22.376,22.678,-0.114,22.44,22.878,22.429,22.792,45.307,1.276,90.53,-0.086,0.449,0
06.26.2023,22.435,22.878,22.429,22.792,1.276,22.44,22.529,21.439,21.516,43.968,-1.255,87.93,-1.013,1.09,0
09.29.2021,22.441,22.529,21.439,21.516,-1.255,22.45,22.786,22.43,22.771,45.216,0.143,90.44,-0.015,0.356,1
01.11.2022,22.449,22.786,22.43,22.771,0.143,22.45,23.003,22.397,22.628,45.4,0.273,90.48,-0.375,0.606,0
02.01.2022,22.454,23.003,22.397,22.628,0.273,22.46,22.653,22.355,22.355,45.008,-0.097,89.83,-0.298,0.298,1
12.17.2021,22.463,22.653,22.355,22.355,-0.097,22.47,22.596,22.242,22.452,44.838,-0.22,89.76,-0.144,0.354,1
01.31.2022,22.472,22.596,22.242,22.452,-0.22,22.47,23.081,22.468,22.672,45.549,0.261,90.70,-0.409,0.613,0
09.22.2021,22.474,23.081,22.468,22.672,0.261,22.49,22.542,22.32,22.411,44.862,0.011,89.76,-0.131,0.222,0
12.08.2021,22.488,22.542,22.32,22.411,0.011,22.49,22.763,22.132,22.4,44.895,-0.381,89.78,-0.363,0.631,1
09.24.2021,22.488,22.763,22.132,22.4,-0.381,22.50,22.816,22.431,22.781,45.247,0.439,90.53,-0.035,0.385,1
12.22.2021,22.5,22.816,22.431,22.781,0.439,22.51,22.583,22.192,22.342,44.775,-0.66,89.62,-0.241,0.391,0
05.06.2022,22.507,22.583,22.192,22.342,-0.66,22.52,23.077,22.512,23.002,45.589,0.343,91.11,-0.075,0.565,1
02.07.2022,22.517,23.077,22.512,23.002,0.343,22.52,22.722,22.286,22.659,45.008,0.233,90.18,-0.063,0.436,0
10.04.2021,22.517,22.722,22.286,22.659,0.233,22.52,22.757,22.407,22.426,45.164,0.027,90.11,-0.331,0.35,1
08.16.2023,22.519,22.757,22.407,22.426,0.027,22.54,22.611,22.185,22.399,44.796,0.026,89.74,-0.212,0.426,1
03.21.2023,22.543,22.611,22.185,22.399,0.026,22.55,22.583,22.138,22.373,44.721,-0.695,89.64,-0.21,0.445,1
12.06.2021,22.547,22.583,22.138,22.373,-0.695,22.55,23.208,22.521,23.068,45.729,0.52,91.35,-0.14,0.687,1
10.13.2021,22.549,23.208,22.521,23.068,0.52,22.56,22.705,22.362,22.548,45.067,-0.433,90.17,-0.157,0.343,0
10.12.2021,22.559,22.705,22.362,22.548,-0.433,22.57,23.077,22.24,22.981,45.317,0.209,90.86,-0.096,0.837,1
05.04.2022,22.565,23.077,22.24,22.981,0.209,22.58,22.836,22.356,22.772,45.192,0.134,90.54,-0.064,0.48,0
06.30.2023,22.578,22.836,22.356,22.772,0.134,22.58,23.142,22.434,22.638,45.576,0.094,90.79,-0.504,0.708,1
10.08.2021,22.579,23.142,22.434,22.638,0.094,22.58,22.669,22.265,22.544,44.934,0.029,90.06,-0.125,0.404,1
03.20.2023,22.582,22.669,22.265,22.544,0.029,22.60,22.676,22.365,22.515,45.041,-0.101,90.16,-0.161,0.311,1
08.15.2023,22.599,22.676,22.365,22.515,-0.101,22.60,22.668,22.227,22.616,44.895,0.175,90.11,-0.052,0.441,1
10.06.2021,22.602,22.668,22.227,22.616,0.175,22.61,22.647,22.124,22.441,44.771,-0.137,89.83,-0.206,0.523,0
09.28.2021,22.613,22.647,22.124,22.441,-0.137,22.62,22.772,22.391,22.578,45.163,0.013,90.36,-0.194,0.381,1
10.07.2021,22.617,22.772,22.391,22.578,0.013,22.63,22.801,22.451,22.565,45.252,-0.074,90.45,-0.236,0.35,0
05.03.2022,22.629,22.801,22.451,22.565,-0.074,22.63,22.833,22.499,22.639,45.332,0.232,90.60,-0.194,0.334,1
02.02.2022,22.629,22.833,22.499,22.639,0.232,22.64,22.644,22.066,22.407,44.71,-0.15,89.75,-0.237,0.578,0
02.03.2022,22.637,22.644,22.066,22.407,-0.15,22.64,22.794,22.499,22.557,45.293,0.301,90.49,-0.237,0.295,1
10.11.2021,22.639,22.794,22.499,22.557,0.301,22.65,22.721,22.219,22.256,44.94,-0.344,89.85,-0.465,0.502,0
06.22.2023,22.654,22.721,22.219,22.256,-0.344,22.66,22.668,22.388,22.6,45.056,-0.102,90.32,-0.068,0.28,1
10.05.2021,22.659,22.668,22.388,22.6,-0.102,22.67,22.908,22.643,22.702,45.551,0.215,90.92,-0.206,0.265,0
08.10.2023,22.665,22.908,22.643,22.702,0.215,22.67,22.826,22.472,22.487,45.298,-0.27,90.46,-0.339,0.354,0
09.23.2021,22.673,22.826,22.472,22.487,-0.27,22.68,22.88,22.675,22.757,45.555,0.161,91.00,-0.123,0.205,1
08.18.2023,22.683,22.88,22.675,22.757,0.161,22.69,22.754,22.389,22.596,45.143,0.018,90.43,-0.158,0.365,0
08.14.2023,22.692,22.754,22.389,22.596,0.018,22.69,22.877,22.317,22.578,45.194,-0.108,90.46,-0.299,0.56,1
06.29.2023,22.692,22.877,22.317,22.578,-0.108,22.70,22.825,22.627,22.686,45.452,-0.376,90.84,-0.139,0.198,1
08.11.2023,22.702,22.825,22.627,22.686,-0.376,22.72,23.169,22.557,23.062,45.726,-0.028,91.50,-0.107,0.612,0
12.08.2022,22.715,23.169,22.557,23.062,-0.028,22.72,23.136,22.636,23.09,45.772,-0.23,91.58,-0.046,0.5,0
07.07.2023,22.718,23.136,22.636,23.09,-0.23,22.73,23.324,22.694,23.32,46.018,0.179,92.07,-0.004,0.63,0
05.26.2023,22.73,23.324,22.694,23.32,0.179,22.74,23.223,22.338,23.141,45.561,0.693,91.44,-0.082,0.885,0
12.02.2022,22.742,23.223,22.338,23.141,0.693,22.75,22.793,22.156,22.448,44.949,-0.182,90.15,-0.345,0.637,1
01.28.2022,22.751,22.793,22.156,22.448,-0.182,22.76,22.822,22.162,22.63,44.984,-0.501,90.37,-0.192,0.66,1
05.02.2022,22.755,22.822,22.162,22.63,-0.501,22.77,23.198,22.647,23.131,45.845,0.965,91.75,-0.067,0.551,0
01.12.2022,22.772,23.198,22.647,23.131,0.965,22.77,22.789,22.006,22.166,44.795,-1.243,89.73,-0.623,0.783,0
01.06.2022,22.772,22.789,22.006,22.166,-1.243,22.78,23.449,22.776,23.409,46.225,0.503,92.41,-0.04,0.673,1
08.22.2023,22.776,23.449,22.776,23.409,0.503,22.78,23.01,22.714,22.906,45.724,0.246,91.41,-0.104,0.296,0
07.03.2023,22.776,23.01,22.714,22.906,0.246,22.78,22.934,22.651,22.66,45.585,-0.21,91.02,-0.274,0.283,1
08.09.2023,22.777,22.934,22.651,22.66,-0.21,22.78,22.91,22.672,22.87,45.582,0.015,91.23,-0.04,0.238,1
12.23.2021,22.782,22.91,22.672,22.87,0.015,22.79,23.073,22.758,22.855,45.831,-0.171,91.48,-0.218,0.315,0
06.27.2023,22.794,23.073,22.758,22.855,-0.171,22.80,23.087,22.592,23.026,45.679,0.712,91.51,-0.061,0.495,1
12.30.2021,22.801,23.087,22.592,23.026,0.712,22.81,22.993,22.19,22.314,45.183,-0.377,90.31,-0.679,0.803,0
12.01.2021,22.81,22.993,22.19,22.314,-0.377,22.86,22.952,22.613,22.691,45.565,-0.259,91.11,-0.261,0.339,1
06.28.2023,22.857,22.952,22.613,22.691,-0.259,22.87,23.02,22.85,22.95,45.87,-0.078,91.69,-0.07,0.17,0
12.24.2021,22.87,23.02,22.85,22.95,-0.078,22.88,23.071,22.66,23.028,45.731,-0.014,91.64,-0.043,0.411,0
01.04.2022,22.88,23.071,22.66,23.028,-0.014,22.88,23.092,22.657,23.042,45.749,0.659,91.67,-0.05,0.435,0
12.27.2021,22.88,23.092,22.657,23.042,0.659,22.89,23.106,22.353,22.383,45.459,-0.427,90.73,-0.723,0.753,0
09.17.2021,22.888,23.106,22.353,22.383,-0.427,22.89,23.266,22.729,22.81,45.995,-0.165,91.70,-0.456,0.537,1
11.30.2021,22.892,23.266,22.729,22.81,-0.165,22.91,23.052,22.883,22.975,45.935,-0.026,91.82,-0.077,0.169,0
07.04.2023,22.905,23.052,22.883,22.975,-0.026,22.96,23.095,22.827,23.001,45.922,0.069,91.88,-0.094,0.268,0
01.17.2022,22.959,23.095,22.827,23.001,0.069,22.97,23.158,22.873,22.932,46.031,-0.163,91.93,-0.226,0.285,0
09.08.2023,22.966,23.158,22.873,22.932,-0.163,22.97,23.209,22.801,23.095,46.01,-0.028,92.07,-0.114,0.408,0
03.23.2023,22.966,23.209,22.801,23.095,-0.028,22.98,23.265,22.789,23.123,46.054,0.616,92.15,-0.142,0.476,0
07.05.2023,22.975,23.265,22.789,23.123,0.616,22.98,23.254,22.349,22.507,45.603,-1.646,91.09,-0.747,0.905,0
05.05.2022,22.975,23.254,22.349,22.507,-1.646,22.99,24.24,22.905,24.153,47.145,0.976,94.29,-0.087,1.335,1
12.20.2022,22.989,24.24,22.905,24.153,0.976,23.00,23.238,22.773,23.177,46.011,-0.282,92.19,-0.061,0.465,0
02.08.2022,22.999,23.238,22.773,23.177,-0.282,23.00,23.584,22.798,23.459,46.382,0.657,92.84,-0.125,0.786,1
01.18.2022,23.002,23.584,22.798,23.459,0.657,23.01,23.14,22.6,22.802,45.74,-0.48,91.55,-0.338,0.54,0
12.29.2021,23.008,23.14,22.6,22.802,-0.48,23.03,23.301,23.008,23.282,46.309,0.508,92.62,-0.019,0.293,1
12.31.2021,23.027,23.301,23.008,23.282,0.508,23.03,23.22,22.724,22.774,45.944,-0.233,91.75,-0.446,0.496,0
01.05.2022,23.028,23.22,22.724,22.774,-0.233,23.04,23.395,22.956,23.007,46.351,-0.471,92.40,-0.388,0.439,1
12.28.2021,23.042,23.395,22.956,23.007,-0.471,23.06,23.668,22.967,23.478,46.635,0.746,93.17,-0.19,0.701,0
12.09.2022,23.061,23.668,22.967,23.478,0.746,23.07,23.138,22.708,22.732,45.846,-0.775,91.64,-0.406,0.43,0
05.25.2023,23.065,23.138,22.708,22.732,-0.775,23.07,23.561,22.894,23.507,46.455,0.553,93.03,-0.054,0.667,1
10.14.2021,23.066,23.561,22.894,23.507,0.553,23.08,23.259,22.828,22.954,46.087,-0.375,92.12,-0.305,0.431,0
01.14.2022,23.075,23.259,22.828,22.954,-0.375,23.08,23.372,22.848,23.329,46.22,0.106,92.63,-0.043,0.524,1
03.28.2023,23.079,23.372,22.848,23.329,0.106,23.08,23.234,22.568,23.223,45.802,0.086,92.11,-0.011,0.666,0
12.16.2022,23.081,23.234,22.568,23.223,0.086,23.09,23.148,22.788,23.137,45.936,-0.092,92.17,-0.011,0.36,1
07.10.2023,23.093,23.148,22.788,23.137,-0.092,23.10,23.426,22.986,23.229,46.412,0.512,92.74,-0.197,0.44,1
03.24.2023,23.098,23.426,22.986,23.229,0.512,23.12,23.245,22.575,22.717,45.82,-1.411,91.66,-0.528,0.67,0
07.06.2023,23.122,23.245,22.575,22.717,-1.411,23.13,24.142,23.117,24.128,47.259,1.354,94.51,-0.014,1.025,1
07.12.2023,23.125,24.142,23.117,24.128,1.354,23.13,23.184,22.708,22.774,45.892,-0.301,91.79,-0.41,0.476,0
08.08.2023,23.126,23.184,22.708,22.774,-0.301,23.13,23.238,23.003,23.075,46.241,0.322,92.45,-0.163,0.235,1
01.13.2022,23.13,23.238,23.003,23.075,0.322,23.14,23.543,22.717,22.753,46.26,-0.37,92.15,-0.79,0.826,0
04.29.2022,23.139,23.543,22.717,22.753,-0.37,23.14,23.373,23.028,23.123,46.401,0.469,92.67,-0.25,0.345,1
07.11.2023,23.143,23.373,23.028,23.123,0.469,23.15,23.173,22.613,22.654,45.786,0.411,91.59,-0.519,0.56,0
06.21.2023,23.151,23.173,22.613,22.654,0.411,23.15,23.479,22.166,22.243,45.645,-0.648,91.04,-1.236,1.313,1
12.05.2022,23.152,23.479,22.166,22.243,-0.648,23.15,23.418,22.766,22.891,46.184,-0.309,92.23,-0.527,0.652,1
11.29.2021,23.153,23.418,22.766,22.891,-0.309,23.16,23.328,22.938,23.2,46.266,0.233,92.63,-0.128,0.39,0
05.30.2023,23.163,23.328,22.938,23.2,0.233,23.17,23.18,22.882,22.967,46.062,-0.679,92.20,-0.213,0.298,0
09.07.2023,23.171,23.18,22.882,22.967,-0.679,23.18,24.056,23.16,23.646,47.216,0.356,94.04,-0.41,0.896,1
10.19.2021,23.176,24.056,23.16,23.646,0.356,23.18,23.331,23.107,23.29,46.438,-0.283,92.91,-0.041,0.224,0
02.09.2022,23.177,23.331,23.107,23.29,-0.283,23.18,23.657,22.872,23.573,46.529,0.056,93.28,-0.084,0.785,1
02.11.2022,23.181,23.657,22.872,23.573,0.056,23.20,23.6,23.106,23.517,46.706,0.531,93.42,-0.083,0.494,0
05.31.2023,23.199,23.6,23.106,23.517,0.531,23.23,23.403,22.849,22.986,46.252,-0.095,92.46,-0.417,0.554,1
12.19.2022,23.225,23.403,22.849,22.986,-0.095,23.23,23.234,22.881,23.081,46.115,-0.765,92.43,-0.153,0.353,1
03.27.2023,23.23,23.234,22.881,23.081,-0.765,23.24,23.902,23.209,23.846,47.111,0.663,94.20,-0.056,0.693,0
01.06.2023,23.244,23.902,23.209,23.846,0.663,23.29,23.686,23.161,23.183,46.847,0.042,93.32,-0.503,0.525,0
02.10.2022,23.289,23.686,23.161,23.183,0.042,23.29,23.389,22.945,23.141,46.334,-0.036,92.77,-0.248,0.444,1
04.28.2022,23.29,23.389,22.945,23.141,-0.036,23.30,23.41,23.057,23.177,46.467,0.299,92.95,-0.233,0.353,1
10.18.2021,23.301,23.41,23.057,23.177,0.299,23.31,23.362,22.703,22.878,46.065,-0.852,92.25,-0.484,0.659,0
01.03.2022,23.309,23.362,22.703,22.878,-0.852,23.31,24.095,23.306,23.73,47.401,0.567,94.44,-0.365,0.789,1
12.13.2022,23.312,24.095,23.306,23.73,0.567,23.32,23.37,23.162,23.163,46.532,-0.176,93.01,-0.207,0.208,0
05.29.2023,23.318,23.37,23.162,23.163,-0.176,23.33,23.407,23.058,23.339,46.465,-0.569,93.13,-0.068,0.349,1
03.29.2023,23.33,23.407,23.058,23.339,-0.569,23.34,23.917,23.259,23.908,47.176,0.342,94.42,-0.009,0.658,0
03.30.2023,23.337,23.917,23.259,23.908,0.342,23.35,23.634,23.279,23.566,46.913,-0.745,93.83,-0.068,0.355,0
02.16.2022,23.346,23.634,23.279,23.566,-0.745,23.41,24.351,23.408,24.311,47.759,0.538,95.48,-0.04,0.943,1
08.23.2023,23.408,24.351,23.408,24.311,0.538,23.42,24.116,23.398,23.773,47.514,-0.497,94.70,-0.343,0.718,0
01.12.2023,23.417,24.116,23.398,23.773,-0.497,23.44,24.325,23.432,24.27,47.757,1.205,95.47,-0.055,0.893,1
06.08.2023,23.44,24.325,23.432,24.27,1.205,23.45,23.519,23.034,23.065,46.553,-0.607,93.06,-0.454,0.485,0
05.24.2023,23.446,23.519,23.034,23.065,-0.607,23.46,23.727,23.278,23.672,47.005,-0.462,94.14,-0.055,0.449,1
01.24.2023,23.462,23.727,23.278,23.672,-0.462,23.46,24.186,23.382,24.134,47.568,0.289,95.16,-0.052,0.804,0
01.19.2022,23.462,24.186,23.382,24.134,0.289,23.46,23.928,23.22,23.845,47.148,1.49,94.46,-0.083,0.708,0
01.19.2023,23.464,23.928,23.22,23.845,1.49,23.47,23.597,22.315,22.355,45.912,-0.956,91.74,-1.242,1.282,1
02.03.2023,23.469,23.597,22.315,22.355,-0.956,23.47,23.517,23.133,23.311,46.65,0.018,93.43,-0.206,0.384,1
12.12.2022,23.471,23.517,23.133,23.311,0.018,23.50,23.661,23.253,23.293,46.914,-0.552,93.71,-0.368,0.408,0
04.27.2022,23.499,23.661,23.253,23.293,-0.552,23.50,23.956,23.413,23.845,47.369,1.094,94.71,-0.111,0.543,1
05.19.2023,23.5,23.956,23.413,23.845,1.094,23.50,23.582,22.577,22.751,46.159,-0.55,92.41,-0.831,1.005,0
01.27.2022,23.501,23.582,22.577,22.751,-0.55,23.51,23.566,23.095,23.301,46.661,-0.47,93.47,-0.265,0.471,1
10.15.2021,23.508,23.566,23.095,23.301,-0.47,23.51,23.999,23.443,23.771,47.442,-0.11,94.72,-0.228,0.556,0
11.04.2021,23.509,23.999,23.443,23.771,-0.11,23.52,23.909,23.294,23.881,47.203,0.371,94.60,-0.028,0.615,0
06.01.2023,23.517,23.909,23.294,23.881,0.371,23.52,23.593,23.032,23.51,46.625,-0.082,93.66,-0.083,0.561,0
11.03.2021,23.523,23.593,23.032,23.51,-0.082,23.53,23.707,23.505,23.592,47.212,0.423,94.34,-0.115,0.202,1
11.25.2021,23.534,23.707,23.505,23.592,0.423,23.54,23.589,23.033,23.169,46.622,-0.727,93.33,-0.42,0.556,0
09.06.2023,23.542,23.589,23.033,23.169,-0.727,23.55,24.046,23.525,23.896,47.571,0.075,95.01,-0.15,0.521,1
12.29.2022,23.546,24.046,23.525,23.896,0.075,23.57,23.893,23.414,23.821,47.307,0.226,94.70,-0.072,0.479,0
02.17.2022,23.57,23.893,23.414,23.821,0.226,23.57,23.742,23.387,23.595,47.129,-0.047,94.30,-0.147,0.355,1
06.06.2023,23.571,23.742,23.387,23.595,-0.047,23.57,23.752,23.363,23.642,47.115,-0.1,94.33,-0.11,0.389,1
08.04.2023,23.572,23.752,23.363,23.642,-0.1,23.58,23.844,23.528,23.742,47.372,-0.106,94.69,-0.102,0.316,0
12.23.2022,23.575,23.844,23.528,23.742,-0.106,23.58,23.894,23.541,23.848,47.435,0.734,94.86,-0.046,0.353,0
02.14.2022,23.578,23.894,23.541,23.848,0.734,23.59,23.699,22.991,23.114,46.69,-0.326,93.40,-0.585,0.708,0
11.26.2021,23.592,23.699,22.991,23.114,-0.326,23.60,23.968,23.416,23.44,47.384,-0.163,94.42,-0.528,0.552,1
06.07.2023,23.595,23.968,23.416,23.44,-0.163,23.60,23.778,23.545,23.603,47.323,-0.127,94.52,-0.175,0.233,0
01.30.2023,23.597,23.778,23.545,23.603,-0.127,23.60,23.76,23.008,23.73,46.768,0.231,94.10,-0.03,0.752,0
01.31.2023,23.604,23.76,23.008,23.73,0.231,23.60,23.908,23.416,23.499,47.324,0.083,94.43,-0.409,0.492,0
04.26.2022,23.604,23.908,23.416,23.499,0.083,23.61,24.019,23.245,23.416,47.264,-0.157,94.29,-0.603,0.774,1
01.11.2023,23.606,24.019,23.245,23.416,-0.157,23.63,23.626,23.276,23.573,46.902,0.125,94.10,-0.053,0.35,1
06.05.2023,23.626,23.626,23.276,23.573,0.125,23.63,23.642,23.123,23.448,46.765,0.331,93.84,-0.194,0.519,0
05.23.2023,23.627,23.642,23.123,23.448,0.331,23.64,23.637,23.096,23.117,46.733,-0.417,93.49,-0.52,0.541,1
08.07.2023,23.637,23.637,23.096,23.117,-0.417,23.65,23.655,23.395,23.534,47.05,-0.749,94.23,-0.121,0.26,1
11.24.2021,23.646,23.655,23.395,23.534,-0.749,23.65,24.396,23.569,24.283,47.965,0.678,95.90,-0.113,0.827,0
10.20.2021,23.647,24.396,23.569,24.283,0.678,23.65,23.742,23.462,23.605,47.204,-0.31,94.46,-0.137,0.28,0
01.10.2023,23.648,23.742,23.462,23.605,-0.31,23.67,24.07,23.666,23.915,47.736,0.005,95.32,-0.155,0.404,1
06.14.2023,23.67,24.07,23.666,23.915,0.005,23.67,23.919,23.365,23.91,47.284,0.336,94.87,-0.009,0.554,0
01.25.2023,23.671,23.919,23.365,23.91,0.336,23.72,23.816,23.456,23.574,47.272,-0.267,94.56,-0.242,0.36,1
08.03.2023,23.717,23.816,23.456,23.574,-0.267,23.73,23.937,23.47,23.841,47.407,-0.131,94.98,-0.096,0.467,1
09.14.2021,23.727,23.937,23.47,23.841,-0.131,23.73,24.019,23.396,23.972,47.415,0.034,95.12,-0.047,0.623,0
02.01.2023,23.731,24.019,23.396,23.972,0.034,23.73,24.006,23.485,23.938,47.491,0.196,95.16,-0.068,0.521,0
12.14.2022,23.733,24.006,23.485,23.938,0.196,23.74,23.743,23.742,23.742,47.485,-0.01,94.97,-0.001,0.001,1
12.26.2022,23.743,23.743,23.742,23.742,-0.01,23.75,23.856,23.61,23.752,47.466,-0.294,94.97,-0.104,0.246,1
05.17.2023,23.747,23.856,23.61,23.752,-0.294,23.75,24.253,23.751,24.046,48.004,0.548,95.80,-0.207,0.502,0
12.27.2022,23.751,24.253,23.751,24.046,0.548,23.75,23.776,23.341,23.498,47.117,0.254,94.37,-0.278,0.435,0
05.18.2023,23.753,23.776,23.341,23.498,0.254,23.76,23.877,23.143,23.244,47.02,-0.897,94.03,-0.633,0.734,1
01.05.2023,23.764,23.877,23.143,23.244,-0.897,23.77,24.149,23.688,24.141,47.837,-0.128,95.75,-0.008,0.461,1
11.05.2021,23.77,24.149,23.688,24.141,-0.128,23.77,24.287,23.531,24.269,47.818,0.769,95.86,-0.018,0.756,0
01.13.2023,23.771,24.287,23.531,24.269,0.769,23.79,23.923,23.425,23.5,47.348,-0.396,94.64,-0.423,0.498,0
01.26.2022,23.793,23.923,23.425,23.5,-0.396,23.82,24.037,23.683,23.896,47.72,1.009,95.44,-0.141,0.354,1
02.18.2022,23.819,24.037,23.683,23.896,1.009,23.82,23.947,22.614,22.887,46.561,-0.76,93.27,-1.06,1.333,0
09.16.2021,23.822,23.947,22.614,22.887,-0.76,23.83,24.088,23.603,23.647,47.691,-0.174,95.17,-0.441,0.485,1
01.09.2023,23.833,24.088,23.603,23.647,-0.174,23.84,23.877,23.664,23.821,47.541,-0.114,95.20,-0.056,0.213,0
09.15.2021,23.842,23.877,23.664,23.821,-0.114,23.85,24.055,23.756,23.935,47.811,0.588,95.59,-0.12,0.299,0
01.20.2023,23.846,24.055,23.756,23.935,0.588,23.85,23.949,23.094,23.347,47.043,-0.282,94.24,-0.602,0.855,0
02.15.2022,23.847,23.949,23.094,23.347,-0.282,23.86,23.907,23.613,23.629,47.52,0.006,95.00,-0.278,0.294,1
05.22.2023,23.855,23.907,23.613,23.629,0.006,23.88,24.014,23.591,23.623,47.605,-0.572,95.11,-0.391,0.423,0
06.02.2023,23.881,24.014,23.591,23.623,-0.572,23.88,24.198,23.841,24.195,48.039,0.229,96.12,-0.003,0.357,1
06.16.2023,23.884,24.198,23.841,24.195,0.229,23.89,24.123,23.553,23.966,47.676,-0.063,95.54,-0.157,0.57,0
12.30.2022,23.894,24.123,23.553,23.966,-0.063,23.89,24.058,23.75,24.029,47.808,0.115,95.73,-0.029,0.308,1
11.01.2021,23.894,24.058,23.75,24.029,0.115,23.91,24.206,23.622,23.914,47.828,-0.191,95.65,-0.292,0.584,0
01.26.2023,23.908,24.206,23.622,23.914,-0.191,23.91,24.155,23.71,24.105,47.865,0.505,95.88,-0.05,0.445,1
03.31.2023,23.909,24.155,23.71,24.105,0.505,23.91,23.997,23.377,23.6,47.374,-0.284,94.89,-0.397,0.62,0
01.27.2023,23.913,23.997,23.377,23.6,-0.284,23.91,23.932,23.27,23.884,47.202,-0.056,95.00,-0.048,0.662,1
06.15.2023,23.914,23.932,23.27,23.884,-0.056,23.92,24.009,23.691,23.94,47.7,0.475,95.56,-0.069,0.318,0
02.21.2022,23.923,24.009,23.691,23.94,0.475,23.92,24.265,23.442,23.465,47.707,0.385,95.10,-0.8,0.823,0
01.18.2023,23.924,24.265,23.442,23.465,0.385,23.94,23.98,23.009,23.08,46.989,-0.381,94.01,-0.9,0.971,1
12.15.2022,23.938,23.98,23.009,23.08,-0.381,23.94,24.156,22.815,23.461,46.971,-0.63,94.37,-0.695,1.341,1
01.23.2023,23.939,24.156,22.815,23.461,-0.63,23.94,24.276,23.91,24.091,48.186,0.938,96.22,-0.185,0.366,0
02.22.2022,23.94,24.276,23.91,24.091,0.938,23.96,24.021,23.086,23.153,47.107,-0.877,94.22,-0.868,0.935,0
06.20.2023,23.964,24.021,23.086,23.153,-0.877,23.97,24.03,23.964,24.03,47.994,0.238,95.99,0,0.066,1
01.02.2023,23.966,24.03,23.964,24.03,0.238,23.97,23.969,23.603,23.792,47.572,-0.301,95.33,-0.177,0.366,0
01.25.2022,23.969,23.969,23.603,23.792,-0.301,23.97,24.193,23.938,24.093,48.131,0.624,96.20,-0.1,0.255,1
05.15.2023,23.971,24.193,23.938,24.093,0.624,23.97,24.513,23.436,23.469,47.949,-0.106,95.39,-1.044,1.077,0
02.02.2023,23.971,24.513,23.436,23.469,-0.106,23.97,24.076,23.399,23.575,47.475,-1.431,95.02,-0.501,0.677,1
12.22.2022,23.971,24.076,23.399,23.575,-1.431,23.99,25.018,23.834,25.006,48.852,1.464,97.84,-0.012,1.184,0
04.04.2023,23.985,25.018,23.834,25.006,1.464,23.99,24.001,23.489,23.542,47.49,-0.221,95.02,-0.459,0.512,0
09.05.2023,23.986,24.001,23.489,23.542,-0.221,24.01,24.43,23.697,23.763,48.127,-0.244,95.90,-0.667,0.733,1
01.04.2023,24.005,24.43,23.697,23.763,-0.244,24.03,24.52,23.906,24.007,48.426,0.483,96.46,-0.513,0.614,0
01.03.2023,24.025,24.52,23.906,24.007,0.483,24.03,24.032,23.381,23.524,47.413,-0.02,94.97,-0.508,0.651,0
11.02.2021,24.029,24.032,23.381,23.524,-0.02,24.05,24.11,23.474,23.544,47.584,-0.518,95.17,-0.566,0.636,1
12.28.2022,24.045,24.11,23.474,23.544,-0.518,24.05,24.184,23.964,24.062,48.148,0.182,96.26,-0.122,0.22,0
10.28.2021,24.048,24.184,23.964,24.062,0.182,24.06,24.075,23.671,23.88,47.746,0.208,95.69,-0.195,0.404,0
10.29.2021,24.063,24.075,23.671,23.88,0.208,24.07,24.246,23.614,23.672,47.86,-0.075,95.60,-0.574,0.632,1
06.13.2023,24.067,24.246,23.614,23.672,-0.075,24.09,24.098,23.653,23.747,47.751,-0.786,95.59,-0.351,0.445,1
05.16.2023,24.091,24.098,23.653,23.747,-0.786,24.09,24.562,24.017,24.533,48.579,0.547,97.21,-0.029,0.545,0
02.23.2022,24.093,24.562,24.017,24.533,0.547,24.11,24.16,23.576,23.986,47.736,-0.237,95.83,-0.174,0.584,0
04.03.2023,24.11,24.16,23.576,23.986,-0.237,24.12,24.263,23.976,24.223,48.239,-0.646,96.59,-0.04,0.287,1
08.25.2023,24.123,24.263,23.976,24.223,-0.646,24.13,24.878,24.117,24.869,48.995,0.531,97.99,-0.009,0.761,0
07.13.2023,24.128,24.878,24.117,24.869,0.531,24.13,24.404,24.123,24.338,48.527,-0.115,97.00,-0.066,0.281,0
07.28.2023,24.131,24.404,24.123,24.338,-0.115,24.13,24.666,24.073,24.453,48.739,0.404,97.33,-0.213,0.593,1
01.20.2022,24.134,24.666,24.073,24.453,0.404,24.14,24.174,23.865,24.049,48.039,-0.258,96.23,-0.125,0.309,0
10.27.2021,24.14,24.174,23.865,24.049,-0.258,24.14,24.776,24.116,24.307,48.892,0.703,97.34,-0.469,0.66,1
10.22.2021,24.14,24.776,24.116,24.307,0.703,24.15,24.16,23.422,23.604,47.582,-0.366,95.33,-0.556,0.738,0
04.25.2022,24.147,24.16,23.422,23.604,-0.366,24.15,24.27,23.838,23.97,48.108,-0.473,96.23,-0.3,0.432,1
12.21.2022,24.151,24.27,23.838,23.97,-0.473,24.16,24.496,24.044,24.443,48.54,0.798,97.14,-0.053,0.452,0
11.08.2021,24.161,24.496,24.044,24.443,0.798,24.17,24.307,23.273,23.645,47.58,-0.326,95.39,-0.662,1.034,0
11.23.2021,24.168,24.307,23.273,23.645,-0.326,24.19,24.192,23.766,23.971,47.958,-0.015,96.11,-0.221,0.426,1
05.12.2023,24.185,24.192,23.766,23.971,-0.015,24.19,24.285,23.977,23.986,48.262,0.022,96.43,-0.299,0.308,0
09.04.2023,24.186,24.285,23.977,23.986,0.022,24.19,24.194,23.905,23.964,48.099,-0.278,96.26,-0.23,0.289,0
06.19.2023,24.194,24.194,23.905,23.964,-0.278,24.20,24.464,23.87,24.242,48.334,0.011,96.78,-0.222,0.594,1
02.25.2022,24.202,24.464,23.87,24.242,0.011,24.22,24.345,24.085,24.231,48.43,-0.478,96.88,-0.114,0.26,0
08.28.2023,24.222,24.345,24.085,24.231,-0.478,24.24,24.789,24.19,24.709,48.979,0.272,97.92,-0.08,0.599,1
08.29.2023,24.236,24.789,24.19,24.709,0.272,24.27,24.563,24.132,24.437,48.695,0.154,97.40,-0.126,0.431,0
02.28.2022,24.267,24.563,24.132,24.437,0.154,24.27,24.481,24.226,24.283,48.707,0.001,97.26,-0.198,0.255,1
06.09.2023,24.269,24.481,24.226,24.283,0.001,24.27,24.498,23.975,24.282,48.473,0.359,97.02,-0.216,0.523,1
01.16.2023,24.269,24.498,23.975,24.282,0.359,24.28,24.344,23.849,23.923,48.193,-0.216,96.40,-0.421,0.495,1
01.17.2023,24.283,24.344,23.849,23.923,-0.216,24.28,24.437,24.002,24.139,48.439,0.074,96.86,-0.298,0.435,1
10.21.2021,24.284,24.437,24.002,24.139,0.074,24.29,24.294,23.9,24.065,48.194,-0.553,96.55,-0.229,0.394,0
06.12.2023,24.289,24.294,23.9,24.065,-0.553,24.29,25.075,24.114,24.618,49.189,0.648,98.10,-0.457,0.961,1
11.10.2021,24.292,25.075,24.114,24.618,0.648,24.29,24.294,23.572,23.97,47.866,0.251,96.13,-0.324,0.722,0
01.24.2022,24.294,24.294,23.572,23.97,0.251,24.30,24.45,23.673,23.719,48.123,-0.843,96.14,-0.731,0.777,1
08.02.2023,24.297,24.45,23.673,23.719,-0.843,24.31,24.569,24.302,24.562,48.871,0.43,97.74,-0.007,0.267,1
10.25.2021,24.308,24.569,24.302,24.562,0.43,24.31,24.344,24.106,24.132,48.45,-0.316,96.89,-0.212,0.238,0
08.24.2023,24.312,24.344,24.106,24.132,-0.316,24.32,24.532,24.136,24.448,48.668,-0.314,97.44,-0.084,0.396,1
04.06.2022,24.319,24.532,24.136,24.448,-0.314,24.34,24.838,24.207,24.762,49.045,0.076,98.15,-0.076,0.631,0
07.31.2023,24.344,24.838,24.207,24.762,0.076,24.34,24.714,24.302,24.686,49.016,-0.686,98.05,-0.028,0.412,0
07.25.2023,24.344,24.714,24.302,24.686,-0.686,24.43,25.482,24.281,25.372,49.763,1.197,99.57,-0.11,1.201,1
03.01.2022,24.433,25.482,24.281,25.372,1.197,24.44,24.759,24.164,24.175,48.923,-0.116,97.53,-0.584,0.595,0
09.01.2023,24.436,24.759,24.164,24.175,-0.116,24.44,24.454,24.08,24.291,48.534,-0.296,97.27,-0.163,0.374,1
11.09.2021,24.444,24.454,24.08,24.291,-0.296,24.45,24.633,24.267,24.587,48.9,0.321,97.93,-0.046,0.366,0
04.07.2022,24.445,24.633,24.267,24.587,0.321,24.46,24.543,24.174,24.266,48.717,0.067,97.44,-0.277,0.369,0
01.21.2022,24.457,24.543,24.174,24.266,0.067,24.54,25.561,23.944,24.199,49.505,-0.121,98.24,-1.362,1.617,1
02.24.2022,24.535,25.561,23.944,24.199,-0.121,24.54,24.911,24.244,24.32,49.155,0.179,98.01,-0.591,0.667,1
04.05.2022,24.537,24.911,24.244,24.32,0.179,24.56,24.563,23.798,24.141,48.361,-0.626,97.07,-0.422,0.765,0
10.26.2021,24.563,24.563,23.798,24.141,-0.626,24.58,24.8,24.407,24.767,49.207,0.339,98.56,-0.033,0.393,1
04.08.2022,24.583,24.8,24.407,24.767,0.339,24.61,24.674,24.401,24.428,49.075,0.081,98.11,-0.246,0.273,0
08.31.2023,24.611,24.674,24.401,24.428,0.081,24.61,24.694,24.302,24.347,48.996,-0.887,97.95,-0.347,0.392,1
07.24.2023,24.611,24.694,24.302,24.347,-0.887,24.62,25.242,24.493,25.234,49.735,0.697,99.58,-0.008,0.749,1
11.11.2021,24.615,25.242,24.493,25.234,0.697,24.62,24.832,24.329,24.537,49.161,0.368,98.32,-0.295,0.503,0
04.04.2022,24.623,24.832,24.329,24.537,0.368,24.63,24.86,24.101,24.169,48.961,0.021,97.76,-0.691,0.759,1
11.22.2021,24.627,24.86,24.101,24.169,0.021,24.65,24.657,24.079,24.148,48.736,-0.782,97.53,-0.509,0.578,1
04.22.2022,24.646,24.657,24.079,24.148,-0.782,24.68,24.976,24.56,24.93,49.536,0.317,99.15,-0.046,0.416,1
07.26.2023,24.684,24.976,24.56,24.93,0.317,24.71,24.98,24.558,24.613,49.538,0.311,98.86,-0.367,0.422,0
08.30.2023,24.71,24.98,24.558,24.613,0.311,24.76,24.762,24.144,24.302,48.906,-0.315,97.97,-0.46,0.618,1
08.01.2023,24.76,24.762,24.144,24.302,-0.315,24.76,24.882,24.597,24.617,49.479,-0.497,98.86,-0.265,0.285,1
07.21.2023,24.76,24.882,24.597,24.617,-0.497,24.76,25.174,24.669,25.114,49.843,0.014,99.72,-0.06,0.505,0
03.23.2022,24.76,25.174,24.669,25.114,0.014,24.77,25.34,24.679,25.1,50.019,0.245,99.89,-0.24,0.661,0
04.11.2022,24.767,25.34,24.679,25.1,0.245,24.77,25.033,24.712,24.855,49.745,0.231,99.37,-0.178,0.321,1
03.30.2022,24.771,25.033,24.712,24.855,0.231,24.78,24.852,24.471,24.624,49.323,0.023,98.73,-0.228,0.381,1
04.01.2022,24.78,24.852,24.471,24.624,0.023,24.79,24.932,24.571,24.601,49.503,-0.456,98.89,-0.331,0.361,1
11.19.2021,24.789,24.932,24.571,24.601,-0.456,24.81,25.167,24.799,25.057,49.966,-0.008,99.83,-0.11,0.368,1
11.17.2021,24.807,25.167,24.799,25.057,-0.008,24.85,25.147,24.813,25.065,49.96,0.283,99.87,-0.082,0.334,0
07.18.2023,24.846,25.147,24.813,25.065,0.283,24.85,25.067,24.583,24.782,49.65,0.011,99.29,-0.285,0.484,0
03.31.2022,24.853,25.067,24.583,24.782,0.011,24.86,25,24.017,24.771,49.017,-0.28,98.65,-0.229,0.983,1
03.29.2022,24.857,25,24.017,24.771,-0.28,24.88,25.129,24.844,25.051,49.973,0.126,99.90,-0.078,0.285,1
04.11.2023,24.875,25.129,24.844,25.051,0.126,24.88,25.013,24.699,24.925,49.712,-0.142,99.51,-0.088,0.314,0
07.14.2023,24.877,25.013,24.699,24.925,-0.142,24.88,25.08,24.535,25.067,49.615,0.14,99.56,-0.013,0.545,1
03.16.2022,24.877,25.08,24.535,25.067,0.14,24.88,25.108,24.585,24.927,49.693,-0.122,99.50,-0.181,0.523,0
04.27.2023,24.879,25.108,24.585,24.927,-0.122,24.93,25.052,24.774,25.049,49.826,0.916,99.80,-0.003,0.278,1
04.28.2023,24.928,25.052,24.774,25.049,0.916,24.93,25.125,24.093,24.133,49.218,-0.842,98.28,-0.992,1.032,0
07.27.2023,24.931,25.125,24.093,24.133,-0.842,24.94,24.993,24.632,24.975,49.625,0.128,99.54,-0.018,0.361,1
04.06.2023,24.94,24.993,24.632,24.975,0.128,24.95,24.949,24.667,24.847,49.616,-0.332,99.41,-0.102,0.282,0
07.17.2023,24.949,24.949,24.667,24.847,-0.332,24.97,25.269,24.902,25.179,50.171,0.304,100.32,-0.09,0.367,1
03.21.2022,24.965,25.269,24.902,25.179,0.304,24.97,25.048,24.738,24.875,49.786,-0.093,99.63,-0.173,0.31,0
04.10.2023,24.969,25.048,24.738,24.875,-0.093,24.97,24.974,24.968,24.968,49.942,-0.41,99.88,-0.006,0.006,1
04.07.2023,24.974,24.974,24.968,24.968,-0.41,24.99,25.456,24.626,25.378,50.082,0.436,100.45,-0.078,0.83,0
05.02.2023,24.99,25.456,24.626,25.378,0.436,25.01,25.129,24.727,24.942,49.856,0.063,99.80,-0.187,0.402,0
04.05.2023,25.005,25.129,24.727,24.942,0.063,25.02,25.134,24.737,24.879,49.871,0.003,99.77,-0.255,0.397,1
04.26.2023,25.016,25.134,24.737,24.879,0.003,25.03,25.094,24.544,24.876,49.638,-0.314,99.54,-0.218,0.55,1
03.15.2022,25.026,25.094,24.544,24.876,-0.314,25.04,25.251,24.964,25.19,50.215,0.384,100.44,-0.061,0.287,1
04.18.2023,25.037,25.251,24.964,25.19,0.384,25.05,25.357,24.758,24.806,50.115,-0.695,99.97,-0.551,0.599,0
11.16.2021,25.049,25.357,24.758,24.806,-0.695,25.05,25.634,25.042,25.501,50.676,0.51,101.23,-0.133,0.592,1
04.12.2023,25.05,25.634,25.042,25.501,0.51,25.05,25.879,24.905,24.991,50.784,0.201,100.83,-0.888,0.974,0
05.01.2023,25.052,25.879,24.905,24.991,0.201,25.06,25.128,24.74,24.79,49.868,-0.349,99.72,-0.338,0.388,1
11.18.2021,25.057,25.128,24.74,24.79,-0.349,25.06,25.214,24.96,25.139,50.174,-0.224,100.38,-0.075,0.254,1
07.19.2023,25.064,25.214,24.96,25.139,-0.224,25.07,25.517,25.002,25.363,50.519,0.2,100.95,-0.154,0.515,0
03.17.2022,25.066,25.517,25.002,25.363,0.2,25.08,25.226,24.83,25.163,50.056,-0.196,100.30,-0.063,0.396,0
04.24.2023,25.084,25.226,24.83,25.163,-0.196,25.10,25.596,24.874,25.359,50.47,-0.156,100.93,-0.237,0.722,1
04.12.2022,25.101,25.596,24.874,25.359,-0.156,25.11,25.813,24.955,25.515,50.768,0.756,101.39,-0.298,0.858,0
03.24.2022,25.109,25.813,24.955,25.515,0.756,25.15,25.264,24.729,24.759,49.993,-0.432,99.90,-0.505,0.535,0
07.20.2023,25.148,25.264,24.729,24.759,-0.432,25.16,25.279,24.899,25.191,50.178,0.175,100.53,-0.088,0.38,1
04.20.2022,25.162,25.279,24.899,25.191,0.175,25.16,25.348,24.532,25.016,49.88,-0.675,100.06,-0.332,0.816,0
04.25.2023,25.163,25.348,24.532,25.016,-0.675,25.17,25.712,25.058,25.691,50.77,0.934,101.63,-0.021,0.654,1
03.04.2022,25.169,25.712,25.058,25.691,0.934,25.18,25.359,24.633,24.757,49.992,0.109,99.93,-0.602,0.726,0
03.22.2022,25.182,25.359,24.633,24.757,0.109,25.19,25.187,24.427,24.648,49.614,-0.638,99.45,-0.539,0.76,1
04.21.2022,25.187,25.187,24.427,24.648,-0.638,25.19,25.362,24.665,25.286,50.027,0,100.51,-0.076,0.697,1
04.19.2023,25.192,25.362,24.665,25.286,0,25.23,25.339,24.85,25.286,50.189,0.115,100.71,-0.053,0.489,0
11.12.2021,25.233,25.339,24.85,25.286,0.115,25.28,25.414,24.991,25.171,50.405,-0.117,100.86,-0.243,0.423,0
03.03.2022,25.281,25.414,24.991,25.171,-0.117,25.29,25.452,25.063,25.288,50.515,0.203,101.09,-0.164,0.389,1
04.20.2023,25.286,25.452,25.063,25.288,0.203,25.29,25.326,24.934,25.085,50.26,0.037,100.63,-0.241,0.392,0
04.21.2023,25.287,25.326,24.934,25.085,0.037,25.31,25.357,24.928,25.048,50.285,-0.812,100.64,-0.309,0.429,1
11.15.2021,25.309,25.357,24.928,25.048,-0.812,25.32,26.198,25.315,25.86,51.513,0.132,102.69,-0.338,0.883,1
04.18.2022,25.315,26.198,25.315,25.86,0.132,25.36,25.805,25.33,25.728,51.135,0.797,102.22,-0.077,0.475,0
04.13.2022,25.358,25.805,25.33,25.728,0.797,25.36,25.421,24.829,24.931,50.25,-0.351,100.54,-0.49,0.592,1
03.18.2022,25.36,25.421,24.829,24.931,-0.351,25.37,25.369,24.939,25.282,50.308,-0.293,100.96,-0.087,0.43,1
03.02.2022,25.369,25.369,24.939,25.282,-0.293,25.38,25.575,25.143,25.575,50.718,0.537,101.67,0,0.432,0
05.03.2023,25.376,25.575,25.143,25.575,0.537,25.39,25.592,24.874,25.038,50.466,0.851,100.89,-0.554,0.718,0
04.17.2023,25.385,25.592,24.874,25.038,0.851,25.39,25.468,24.157,24.187,49.625,-0.671,99.20,-1.281,1.311,1
05.11.2023,25.391,25.468,24.157,24.187,-0.671,25.47,25.562,24.804,24.858,50.366,-0.97,100.70,-0.704,0.758,1
03.28.2022,25.471,25.562,24.804,24.858,-0.97,25.50,25.922,25.404,25.828,51.326,0.36,102.66,-0.094,0.518,0
04.13.2023,25.501,25.922,25.404,25.828,0.36,25.52,25.701,25.307,25.468,51.008,-0.134,102.00,-0.233,0.394,0
03.25.2022,25.52,25.701,25.307,25.468,-0.134,25.55,25.668,25.348,25.602,51.016,-0.446,102.17,-0.066,0.32,1
05.09.2023,25.552,25.668,25.348,25.602,-0.446,25.58,26.058,25.475,26.048,51.533,0.656,103.16,-0.01,0.583,0
05.04.2023,25.576,26.058,25.475,26.048,0.656,25.60,25.855,25.259,25.392,51.114,0.102,102.11,-0.463,0.596,0
05.10.2023,25.604,25.855,25.259,25.392,0.102,25.64,25.645,25.29,25.29,50.935,-1.082,101.87,-0.355,0.355,1
04.15.2022,25.64,25.645,25.29,25.29,-1.082,25.65,26.832,25.38,26.372,52.212,0.818,104.23,-0.46,1.452,1
03.08.2022,25.65,26.832,25.38,26.372,0.818,25.66,25.735,25.52,25.554,51.255,-0.096,102.47,-0.181,0.215,0
05.08.2023,25.663,25.735,25.52,25.554,-0.096,25.70,26.1,25.325,25.65,51.425,0.013,102.78,-0.45,0.775,1
03.07.2022,25.702,26.1,25.325,25.65,0.013,25.73,25.851,25.351,25.637,51.202,-0.258,102.56,-0.214,0.5,0
04.14.2022,25.725,25.851,25.351,25.637,-0.258,25.77,26.019,25.374,25.895,51.393,0.508,103.05,-0.124,0.645,1
03.10.2022,25.766,26.019,25.374,25.895,0.508,25.83,26.07,25.191,25.387,51.261,0.222,102.48,-0.683,0.879,0
04.14.2023,25.829,26.07,25.191,25.387,0.222,25.85,25.968,25.077,25.165,51.045,0.139,102.06,-0.803,0.891,1
04.19.2022,25.854,25.968,25.077,25.165,0.139,25.86,25.857,24.967,25.026,50.824,-0.807,101.71,-0.831,0.89,1
03.14.2022,25.856,25.857,24.967,25.026,-0.807,25.90,25.971,25.465,25.833,51.436,0.173,103.17,-0.138,0.506,1
03.11.2022,25.897,25.971,25.465,25.833,0.173,26.05,26.123,25.207,25.66,51.33,-0.106,103.04,-0.463,0.916,0
05.05.2023,26.048,26.123,25.207,25.66,-0.106,26.38,26.744,25.466,25.766,52.21,25.766,104.35,-0.978,1.278,1
